marca,modelo,preço,disponibilidade
ROLEX,ROLEX SUBMARINER NO DATE 41MM 2020 - MODELO NOVO,R$ 85.000,Pronta entrega
ROLEX,ROLEX DATEJUST OURO E AÇO 36MM 1991,R$ 37.500,Pronta entrega
LONGINES,LONGINES LA GRANDE CLASSIQUE 2000,R$ 2.790,Pronta entrega
TAG HEUER,TAG HEUER CARRERA CALIBRE 16 2020,R$ 17.500,Esgotado
TAG HEUER,TAG HEUER AQUARACER 2010,R$ 7.500,Pronta entrega
TAG HEUER,TAG HEUER MÔNACO CALIBRE 11 2019,R$ 23.500,Pronta entrega
TAG HEUER,TAG HEUER CARRERA CALIBRE 16 2010,R$ 14.500,Pronta entrega
CARTIER,CARTIER SANTOS DESK CLOCK ALARM,R$ 6.900,Pronta entrega
BAUME ET MERCIER,BAUME & MERCIER HAMPTON CITY 2011,R$ 6.500,Pronta entrega
ROLEX,ROLEX DAYTONA OURO 18K 1991,R$ 119.000,Pronta entrega
ROLEX,ROLEX DATEJUST II 41MM 2012,R$ 55.700,Pronta entrega
LONGINES,LONGINES FLAGSHIP 2010,R$ 3.300,Pronta entrega
TAG HEUER,TAG HEUER F1 CALIBRE 16 CERÂMICA 2020,R$ 16.900,Pronta entrega
TAG HEUER,TAG HEUER F1 MCLAREN EDIÇÃO LIMITADA 2017,R$ 7.500,Pronta entrega
OMEGA,OMEGA SEAMASTER AQUATERRA GMT 2018,R$ 29.500,Pronta entrega
ROLEX,ROLEX DATEJUST 36MM 1998,R$ 27.000,Pronta entrega
BREITLING,BREITLING CHRONOMAT EVOLUTION 2012,R$ 14.500,Pronta entrega
HERMÈS,HERMÈS CLIPPER 2020,R$ 13.000,Pronta entrega
BELL & ROSS,BELL & ROSS DIGITAL 100S 2005,R$ 5.900,Pronta entrega
ROLEX,ROLEX DATEJUST 36MM 2010,R$ 39.900,Pronta entrega
BREITLING,BREITLING SUPEROCEAN HERITAGE CHRONOGRAPH 2011,R$ 23.000,Pronta entrega
BELL & ROSS,BELL & ROSS BR01-94 2014,R$ 9.500,Pronta entrega
ROLEX,ROLEX DAYTONA OURO E AÇO COM DIAMANTES 2019,R$ 117.000,Pronta entrega
PANERAI,PANERAI LUMINOR MARINA 1950 10 DAYS GMT 2020,R$ 75.000,Pronta entrega
ROLEX,ROLEX DATEJUST II 41MM 2018,R$ 49.900,Pronta entrega
PANERAI,PANERAI RADIOMIR 1940 3 DAYS AUTOMATIC 2020,R$ 45.000,Pronta entrega
PANERAI,PANERAI LUMINOR MARINA 1950 3 DAYS 2019,R$ 39.000,Pronta entrega
TAG HEUER,TAG HEUER CALIBRE HEUER 01 2019,R$ 23.500,Pronta entrega
PANERAI,PANERAI LUMINOR BASE 2020,R$ 22.500,Pronta entrega
CARTIER,CARTIER CALIBRE DE CARTIER 2010,R$ 21.000,Pronta entrega
TAG HEUER,TAG HEUER GRAND CARRERA OURO E AÇO 2017,R$ 18.750,Pronta entrega
BELL & ROSS,BELL & ROSS VINTAGE 2018,R$ 13.500,Pronta entrega
BVLGARI,BVLGARI DIAGONO 2014,R$ 10.000,Pronta entrega
PANERAI,PANERAI LUMINOR MARINA 1950 10 DAYS GMT 2010,R$ 58.500,Pronta entrega
ROLEX,ROLEX DATEJUST OURO E AÇO 31MM 1998,R$ 23.000,Pronta entrega
BVLGARI,BVLGARI BVLGARI 2015,R$ 12.000,Pronta entrega
BVLGARI,BVLGARI DIAGONO AUTOMATIC 2015,R$ 9.500,Pronta entrega
BVLGARI,BVLGARI SOLOTEMPO 2013,R$ 6.800,Pronta entrega
BAUME ET MERCIER,BAUME & MERCIER CLASSIMA 2019,R$ 5.000,Pronta entrega
JAEGER LECOULTRE,JAEGER LECOULTRE NIGHT AND DAY 2002,R$ 32.400,Pronta entrega
OMEGA,OMEGA SPEEDMASTER PROFESSIONAL MOONWATCH MOONPHASE 2005,R$ 24.500,Pronta entrega
VULCAIN,VULCAIN 50S PRESIDENTS CHRONOGRAPH 2019,R$ 14.500,Pronta entrega
TAG HEUER,TAG HEUER F1 CHRONOGRAPH 2017,R$ 6.500,Pronta entrega
TAG HEUER,TAG HEUER F1 CHRONOGRAPH 2015,R$ 5.990,Pronta entrega
TAG HEUER,TAG HEUER F1 GRAND DATE QUARTZ 2013,R$ 5.500,Pronta entrega
CARTIER,CARTIER TANK RONDE SOLO XL 2014,R$ 14.300,Pronta entrega
JAEGER LECOULTRE,JAEGER LECOULTRE POLARIS AUTOMATIC 2020,R$ 33.500,Pronta entrega
ROLEX,ROLEX SUBMARINER DATE 2001,R$ 50.000,Pronta entrega
ROLEX,ROLEX DATEJUST 36MM OURO E AÇO 2007,R$ 45.000,Pronta entrega
BVLGARI,BVLGARI BRONZE 41MM 2019,R$ 27.000,Pronta entrega
ROLEX,ROLEX DAYTONA OURO E AÇO 2003,R$ 80.000,Pronta entrega
IWC,IWC BIG PILOT TOP GUN CERAMIC 2017,R$ 62.000,Pronta entrega
ROLEX,ROLEX MILGAUSS 40MM 2014,R$ 39.000,Pronta entrega
ROLEX,ROLEX DATEJUST 36MM 2010,R$ 38.000,Pronta entrega
ROLEX,ROLEX SEA-DWELLER DEEPSEA 2010,R$ 60.500,Pronta entrega
OMEGA,OMEGA SPEEDMASTER BROAD ARROW 2007,R$ 22.500,Pronta entrega
OMEGA,OMEGA SEAMASTER DIVER CO-AXIAL CERAMIC 300M 2018,R$ 19.200,Pronta entrega
ROLEX,ROLEX DATEJUST II 41MM 2013,R$ 65.000,Pronta entrega
ROLEX,ROLEX OYSTER PERPETUAL DATE DIAMONDS 34MM 2008,R$ 31.500,Pronta entrega
ROLEX,ROLEX DATEJUST 36MM 2010,R$ 29.900,Pronta entrega
BREITLING,BREITLING AVENGER BLACKBIRD 2018,R$ 17.000,Pronta entrega
ROLEX,ROLEX OYSTER PERPETUAL 36MM 2010,R$ 31.000,Pronta entrega
BREITLING,BREITLING CHRONOSPACE MILITARY 2017,R$ 19.000,Esgotado
BREITLING,BREITLING SUPER AVENGER 2015,R$ 15.000,Pronta entrega
OMEGA,OMEGA SEAMASTER PLANET OCEAN CO-AXIAL 2011,R$ 17.300,Pronta entrega
TAG HEUER,TAG HEUER AQUARACER 500M 2015,R$ 7.500,Pronta entrega
ROLEX,ROLEX GMT MASTER II CERAMIC 2007,R$ 65.000,Pronta entrega
ROLEX,ROLEX OYSTER PERPETUAL DATE 34MM 2014,R$ 31.000,Pronta entrega
ROLEX,ROLEX SUBMARINER OURO E AÇO CERÂMICA 2014,R$ 79.500,Pronta entrega
IWC,IWC PILOT´S CHRONOGRAPH SPITFIRE,R$ 19.000,Pronta entrega
ROLEX,ROLEX GMT MASTER II CERAMIC 2009,R$ 60.500,Pronta entrega
CARTIER,CARTIER BALLON BLEU 42MM 2019,R$ 22.500,Pronta entrega
OMEGA,OMEGA SPEEDMASTER SCHUMASCHER LEGEND RED LIMITED EDITION 2007,R$ 21.000,Pronta entrega
PORSCHE DESIGN,PORSCHE DESIGN FLAT SIX 2015,R$ 7.500,Pronta entrega
U-BOAT,U-BOAT U-77 2020,R$ 7.500,Pronta entrega
PANERAI,PANERAI LUMINOR TRIBUTE TO BRAZIL 2019,R$ 39.900,Pronta entrega
MONTBLANC,MONTBLANC TIMEWALKER MANUFACTURE CHRONOGRAPH 2019,R$ 19.500,Pronta entrega
BAUME ET MERCIER,BAUME & MERCIER CAPELAND CHRONOGRAPH 2018,R$ 9.900,Pronta entrega
TAG HEUER,TAG HEUER CARRERA CALIBRE 16 JUAN MANUEL FANGIO 2010,R$ 11.000,Pronta entrega
GIRARD PERREGAUX,GIRARD PERREGAUX 2001,R$ 4.500,Pronta entrega
TISSOT,TISSOT PR 100 2019,R$ 1.350,Pronta entrega
MONTBLANC,MONTBLANC STAR CLASSIQUE 2019,R$ 10.000,Pronta entrega
MONTBLANC,MONTBLANC HERITAGE CHRONOMÉTRIE 2019,R$ 10.200,Pronta entrega
MIDO,MIDO OCEAN STAR CAPTAIN 2019,R$ 4.000,Pronta entrega
BVLGARI,BVLGARI DIAGONO 1999,R$ 8.600,Pronta entrega
MIDO,MIDO CLASSIC 2019,R$ 2.000,Pronta entrega
MIDO,MIDO CLASSIC LADY 2019,R$ 3.500,Pronta entrega
MIDO,MIDO DORADA 2019,R$ 2.000,Esgotado
PANERAI,PANERAI LUMINOR 1950 3 DAYS ACCIAIO 2017,R$ 33.500,Pronta entrega
PANERAI,PANERAI LUMINOR 1950 3 DAYS 2013,R$ 37.800,Pronta entrega
PANERAI,PANERAI LUMINOR 1950 3 DAYS ACCIAIO 2019,R$ 33.500,Pronta entrega
PANERAI,PANERAI LUMINOR SUBMERSIBLE DEPHT GAUGE 1950 2016,R$ 59.500,Pronta entrega
CORUM,CORUM ADMIRAL CUP TIDES 44MM 2009,R$ 13.500,Pronta entrega
TISSOT,TISSOT PR 100 2019,R$ 1.580,Pronta entrega
TISSOT,TISSOT CLASSIC DREAM 2019,R$ 1.200,Pronta entrega
TISSOT,TISSOT CLASSIC EVERYTIME 2019,R$ 1.180,Pronta entrega
TIFFANY,TIFFANY ATLAS CHRONOGRAPH 2014,R$ 10.900,Pronta entrega
TISSOT,TISSOT PR 100 CHRONOGRAPH 2019,R$ 1.890,Pronta entrega
MONTBLANC,MONTBLANC 4810 DATE AUTOMATIC 2020,R$ 10.300,Pronta entrega
IWC,IWC PILOT LE PETIT PRINCE 2017,R$ 23.500,Pronta entrega
BVLGARI,BVLGARI DIAGONO 2011,R$ 8.000,Pronta entrega
ROLEX,ROLEX OYSTER PERPETUAL NO DATE 36MM 2009,R$ 23.500,Pronta entrega
TAG HEUER,TAG HEUER KIRIUM 2000,R$ 1.800,Pronta entrega
ROLEX,ROLEX DATEJUST 31MM 1998,R$ 14.500,Pronta entrega
FREDERIQUE CONSTANT,FREDERIQUE CONSTANT RUN ABOUT 2019,R$ 6.700,Pronta entrega
FREDERIQUE CONSTANT,FREDERIQUE CONSTANT LADIES MOONPHASE 2019,R$ 5.000,Pronta entrega
FREDERIQUE CONSTANT,FREDERIQUE CONSTANT WORLD TIMER 2019,R$ 4.700,Pronta entrega
FREDERIQUE CONSTANT,FREDERIQUE CONSTANT HEALEY 2019,R$ 4.500,Pronta entrega
FREDERIQUE CONSTANT,FREDERIQUE CONSTANT CLASSIC GMT 2019,R$ 4.200,Pronta entrega
FREDERIQUE CONSTANT,FREDERIQUE CONSTANT  BUSINESS TIMER 2019,R$ 3.000,Pronta entrega
TAG HEUER,TAG HEUER CARRERA CALIBRE 5 DAY DATE 2019,R$ 10.500,Pronta entrega
TAG HEUER,TAG HEUER CARRERA LADY 2019,R$ 6.800,Pronta entrega
BAUME ET MERCIER,BAUME & MERCIER HAMPTON 2015,R$ 6.500,Pronta entrega
OMEGA,OMEGA DE VILLE HOUR VISION 2015,R$ 16.500,Pronta entrega
EBEL,EBEL 1911 BTR 2015,R$ 12.000,Pronta entrega
BREITLING,BREITLING HEADWIND 2006,R$ 9.500,Pronta entrega
PIAGET,PIAGET EMPERADOR OURO ROSÉ 18K 2014,R$ 45.000,Pronta entrega
VULCAIN,VULCAIN NAUTICAL 2012,R$ 12.000,Pronta entrega
IWC,IWC PORTOFINO CHRONOGRAPH 2010,R$ 19.500,Pronta entrega
HEUER,HEUER AUTAVIA CHRONOGRAPH VINTAGE 1960,R$ 25.000,Pronta entrega
ROLEX,ROLEX AIR KING 34MM 2010,R$ 22.000,Pronta entrega
CHRONOSWISS,CHRONOSWISS OPUS SKELETON 2007,R$ 15.700,Pronta entrega
PATEK PHILIPPE,PATEK PHILIPPE GONDOLO LADY 2008,R$ 29.000,Pronta entrega
HUBLOT,HUBLOT BIG BANG KING CERAMIC 2015,R$ 34.000,Pronta entrega
OMEGA,OMEGA SPEEDMASTER VINTAGE MOONWATCH 1969,R$ 56.000,Pronta entrega
OMEGA,OMEGA SPEEDMASTER VINTAGE MOONWATCH 1977,R$ 25.000,Pronta entrega
HEUER,HEUER VINTAGE OURO 18K 1943,R$ 18.000,Pronta entrega
MONTBLANC,MONTBLANC SPORT 2012,R$ 4.950,Pronta entrega
BREITLING,BREITLING CALISTO 2003,R$ 4.900,Pronta entrega
H.STERN,H.STERN FLYING 2018,R$ 1.200,Pronta entrega
PATEK PHILIPPE,PATEK PHILIPPE GONDOLO OURO 18K 2002,R$ 43.000,Pronta entrega
MONTBLANC,MONTBLANC SPORT 2010,R$ 4.850,Pronta entrega
BVLGARI,BVLGARI DIAGONO OURO 18K 2015,R$ 32.000,Pronta entrega
BVLGARI,BVLGARI DIAGONO ALUMINIUM LADY 2007,R$ 3.900,Pronta entrega
MONTBLANC,MONTBLANC SPORT CHRONOGRAPH 2013,R$ 6.650,Pronta entrega
EDOX,EDOX LES VAUBERTS CHRONOGRAPH AUTOMATIC 2014,R$ 4.500,Pronta entrega
EDOX,EDOX ICE SHARK 2012,R$ 2.500,Pronta entrega
OMEGA,OMEGA DE VILLE HOUR VISION 2013,R$ 13.500,Pronta entrega
OMEGA,OMEGA CONSTELLATION OURO E AÇO 2009,R$ 8.500,Pronta entrega
HUBLOT,HUBLOT CLASSIC FUSION ALL BLACK CERAMIC 2009,R$ 28.500,Pronta entrega
ROLEX,ROLEX DATEJUST OURO ROSÉ E AÇO 31MM 2013,R$ 35.500,Pronta entrega
ROLEX,ROLEX OYSTER PERPETUAL DATE 34MM 2014,R$ 25.000,Pronta entrega
HUBLOT,HUBLOT CLASSIC FUSION 45MM 2018,R$ 28.500,Pronta entrega
ROLEX,ROLEX AIR KING 34MM 2018,R$ 25.000,Pronta entrega
ROLEX,ROLEX DATEJUST 36MM 1998,R$ 22.500,Pronta entrega
ROLEX,ROLEX AIR KING 34MM 2011,R$ 23.000,Pronta entrega
GIRARD PERREGAUX,GIRARD PERREGAUX FERRARI 2000,R$ 5.500,Pronta entrega
TAG HEUER,TAG HEUER CARRERA TWIN TIME 2012,R$ 5.500,Pronta entrega
IWC,IWC AQUATIMER ROSÉ GOLD 18K 2012,R$ 59.000,Esgotado
TAG HEUER,TAG HEUER AQUARACER 300M 2010,R$ 5.200,Pronta entrega
BVLGARI,BVLGARI DIAGONO 2000,R$ 4.500,Pronta entrega
IWC,IWC VINTAGE FLIEGER 2008,R$ 23.500,Pronta entrega
PARMIGIANI,PARMIGIANI FLEURIER PERSHING 005 2011,R$ 28.000,Pronta entrega
JAEGER LECOULTRE,JAEGER LECOULTRE MASTER COMPRESSOR DIVING 2014,R$ 23.800,Pronta entrega
TAG HEUER,TAG HEUER CARRERA CALIBRE 1887 2016,R$ 13.500,Pronta entrega
TAG HEUER,TAG HEUER CARRERA CALIBRE 16 HERITAGE 2012,R$ 11.500,Pronta entrega
TAG HEUER,TAG HEUER CARRERA CALIBRE 1887 2013,R$ 10.900,Pronta entrega
CALIBRE,CALIBRE DE CARTIER 2016,R$ 19.500,Esgotado
EDOX,EDOX BIG DATE 2017,R$ 2.500,Pronta entrega
BELL & ROSS,BELL & ROSS BR 02 CHRONOGRAPH 2014,R$ 11.500,Pronta entrega
PANERAI,PANERAI RADIOMIR BLACK SEAL 2013,R$ 19.500,Pronta entrega
IWC,IWC AQUATIMER CHRONO BRONZE EDITION EXPEDITION CHARLES DARWIN 2016,R$ 29.500,Esgotado
TAG HEUER,TAG HEUER CARRERA CALIBRE 16 2017,R$ 11.500,Pronta entrega
TECHNOMARINE,TECHNOMARINE HUMMER 2018,R$ 2.800,Pronta entrega
TW,TW STEEL CANTEEN 2017,R$ 1.000,Pronta entrega
EDOX,EDOX LES VAUBERTS DAY DATE AUTOMATIC,R$ 3.000,Pronta entrega
EDOX,EDOX CHRONOFFSHORE LIMITED EDITION DIVER 500 M DAY DATE 2013,R$ 10.500,Pronta entrega
TAG HEUER,TAG HEUER AQUAGRAPH CHRONOGRAPH 2013,R$ 8.300,Pronta entrega
TAG HEUER,TAG HEUER AQUARACER 500 M 2013,R$ 10.500,Pronta entrega
FREDERIQUE CONSTANT,FREDERIQUE CONSTANT VINTAGE RALLY 2010,R$ 8.500,Pronta entrega
TAG HEUER,TAG HEUER GRAND CARRERA 2016,R$ 9.800,Pronta entrega
EDOX,EDOX WRC CHRONORALLY AUTOMATIC 2011,R$ 5.900,Pronta entrega
JAEGER LECOULTRE,JAEGER LE COULTRE ATMOS CLASSIQUE PHASES DE LUNE,R$ 37.000,Esgotado
TAG HEUER,TAG HEUER AQUARACER REGATTA 300M 2012,R$ 4.200,Esgotado
CHANEL,CHANEL J12 CHRONOGRAPH,R$ 8.900,Pronta entrega
UNIVERSAL,UNIVERSAL GENEVE ROUTER DELUXE 18K 1960,R$ 9.000,Pronta entrega
BREITLING,BREITLING EMERGENCY II 2016,R$ 11.500,Pronta entrega
BREITLING,BREITLING CALISTO 2013,R$ 3.500,Pronta entrega
H.STERN,H.STERN COMPASS,R$ 1.500,Pronta entrega
GIRARD PERREGAUX,GIRARD PERREGAUX BMW ORACLE AMERICA'S CUP 2007,R$ 20.500,Pronta entrega
TAG HEUER,TAG HEUER F1 QUARTZ 2015,R$ 4.950,Pronta entrega
TAG HEUER,TAG HEUER F1 2003,R$ 2.700,Pronta entrega
HUBLOT,HUBLOT KING POWER USAIN BOLT LIMITED EDITION 2016,R$ 57.800,Pronta entrega
RALF TECH,RALF TECH WRX 1997 SÉRIE II 2017,R$ 6.000,Pronta entrega
TAG HEUER,TAG HEUER CARRERA CALIBRE 16 2011,R$ 8.900,Pronta entrega
MONTBLANC,MONTBLANC MEISTERSTUCK SPORT DUAL TIME FULL CALENDAR 2012,R$ 6.500,Pronta entrega
PANERAI,PANERAI RADIOMIR 1938 - 47MM 2007,R$ 23.500,Pronta entrega
LOUIS VUITTON,LOUIS VUITTON TAMBOUR,R$ 4.300,Pronta entrega
CORUM,CORUM ADMIRAL'S CUP COMPETITION,R$ 10.900,Pronta entrega
MERCEDES-BENZ,MERCEDES BENZ 2007,R$ 1.800,Pronta entrega
H.STERN,H.STERN NEXT,R$ 2.200,Pronta entrega
MONTBLANC,MONTBLANC - TIMEWALKER GMT DUALTIME - 2015,R$ 9.500,Pronta entrega
VACHERON CONSTANTIN,VACHERON CONSTANTIN,R$ 18.500,Esgotado
IWC,IWC INGENIEUR 46MM 2016,R$ 22.000,Pronta entrega
BREITLING,BREITLING TRANSOCEAN CHRONOGRAPH GMT BLACK DIAL 2016,R$ 21.000,Pronta entrega
BREITLING,BREITLING TRANSOCEAN CHRONOGRAPH 1461 2016,R$ 24.900,Pronta entrega
BREITLING,BREITLING SUPER AVENGER CHRONO,R$ 13.000,Pronta entrega
